feature_set_mode,rows,selected_model,accuracy,f1_macro,balanced_accuracy,feature_count
pre_event,120000,random_forest,0.676375,0.38528822415666153,0.39481869681368414,26
post_event,120000,random_forest,0.6884166666666667,0.3814004789790045,0.38363177534321324,27
