{
  "model_name": "logistic_regression",
  "metrics": {
    "accuracy": 0.9428571428571428,
    "balanced_accuracy": 0.9555555555555556,
    "f1_macro": 0.953968253968254,
    "classification_report": {
      "0": {
        "precision": 0.875,
        "recall": 1.0,
        "f1-score": 0.9333333333333333,
        "support": 14.0
      },
      "1": {
        "precision": 1.0,
        "recall": 0.8666666666666667,
        "f1-score": 0.9285714285714286,
        "support": 15.0
      },
      "2": {
        "precision": 1.0,
        "recall": 1.0,
        "f1-score": 1.0,
        "support": 6.0
      },
      "accuracy": 0.9428571428571428,
      "macro avg": {
        "precision": 0.9583333333333334,
        "recall": 0.9555555555555556,
        "f1-score": 0.953968253968254,
        "support": 35.0
      },
      "weighted avg": {
        "precision": 0.95,
        "recall": 0.9428571428571428,
        "f1-score": 0.942721088435374,
        "support": 35.0
      }
    },
    "confusion_matrix": [
      [
        14,
        0,
        0
      ],
      [
        2,
        13,
        0
      ],
      [
        0,
        0,
        6
      ]
    ]
  },
  "rows_evaluated": 35
}