{
  "selected_model": "logistic_regression",
  "selected_model_metrics": {
    "accuracy": 0.8571428571428571,
    "balanced_accuracy": 0.8888888888888888,
    "f1_macro": 0.8857142857142857,
    "classification_report": {
      "0": {
        "precision": 0.75,
        "recall": 1.0,
        "f1-score": 0.8571428571428571,
        "support": 3.0
      },
      "1": {
        "precision": 1.0,
        "recall": 0.6666666666666666,
        "f1-score": 0.8,
        "support": 3.0
      },
      "2": {
        "precision": 1.0,
        "recall": 1.0,
        "f1-score": 1.0,
        "support": 1.0
      },
      "accuracy": 0.8571428571428571,
      "macro avg": {
        "precision": 0.9166666666666666,
        "recall": 0.8888888888888888,
        "f1-score": 0.8857142857142857,
        "support": 7.0
      },
      "weighted avg": {
        "precision": 0.8928571428571429,
        "recall": 0.8571428571428571,
        "f1-score": 0.8530612244897959,
        "support": 7.0
      }
    },
    "confusion_matrix": [
      [
        3,
        0,
        0
      ],
      [
        1,
        2,
        0
      ],
      [
        0,
        0,
        1
      ]
    ],
    "model_name": "logistic_regression",
    "best_params": {},
    "cv_best_f1_macro": NaN
  },
  "all_model_metrics": [
    {
      "accuracy": 0.8571428571428571,
      "balanced_accuracy": 0.8888888888888888,
      "f1_macro": 0.8857142857142857,
      "classification_report": {
        "0": {
          "precision": 0.75,
          "recall": 1.0,
          "f1-score": 0.8571428571428571,
          "support": 3.0
        },
        "1": {
          "precision": 1.0,
          "recall": 0.6666666666666666,
          "f1-score": 0.8,
          "support": 3.0
        },
        "2": {
          "precision": 1.0,
          "recall": 1.0,
          "f1-score": 1.0,
          "support": 1.0
        },
        "accuracy": 0.8571428571428571,
        "macro avg": {
          "precision": 0.9166666666666666,
          "recall": 0.8888888888888888,
          "f1-score": 0.8857142857142857,
          "support": 7.0
        },
        "weighted avg": {
          "precision": 0.8928571428571429,
          "recall": 0.8571428571428571,
          "f1-score": 0.8530612244897959,
          "support": 7.0
        }
      },
      "confusion_matrix": [
        [
          3,
          0,
          0
        ],
        [
          1,
          2,
          0
        ],
        [
          0,
          0,
          1
        ]
      ],
      "model_name": "logistic_regression",
      "best_params": {},
      "cv_best_f1_macro": NaN
    },
    {
      "accuracy": 0.7142857142857143,
      "balanced_accuracy": 0.7777777777777777,
      "f1_macro": 0.7777777777777777,
      "classification_report": {
        "0": {
          "precision": 0.6666666666666666,
          "recall": 0.6666666666666666,
          "f1-score": 0.6666666666666666,
          "support": 3.0
        },
        "1": {
          "precision": 0.6666666666666666,
          "recall": 0.6666666666666666,
          "f1-score": 0.6666666666666666,
          "support": 3.0
        },
        "2": {
          "precision": 1.0,
          "recall": 1.0,
          "f1-score": 1.0,
          "support": 1.0
        },
        "accuracy": 0.7142857142857143,
        "macro avg": {
          "precision": 0.7777777777777777,
          "recall": 0.7777777777777777,
          "f1-score": 0.7777777777777777,
          "support": 7.0
        },
        "weighted avg": {
          "precision": 0.7142857142857143,
          "recall": 0.7142857142857143,
          "f1-score": 0.7142857142857143,
          "support": 7.0
        }
      },
      "confusion_matrix": [
        [
          2,
          1,
          0
        ],
        [
          1,
          2,
          0
        ],
        [
          0,
          0,
          1
        ]
      ],
      "model_name": "random_forest",
      "best_params": {},
      "cv_best_f1_macro": NaN
    },
    {
      "accuracy": 0.42857142857142855,
      "balanced_accuracy": 0.3333333333333333,
      "f1_macro": 0.19999999999999998,
      "classification_report": {
        "0": {
          "precision": 0.0,
          "recall": 0.0,
          "f1-score": 0.0,
          "support": 3.0
        },
        "1": {
          "precision": 0.42857142857142855,
          "recall": 1.0,
          "f1-score": 0.6,
          "support": 3.0
        },
        "2": {
          "precision": 0.0,
          "recall": 0.0,
          "f1-score": 0.0,
          "support": 1.0
        },
        "accuracy": 0.42857142857142855,
        "macro avg": {
          "precision": 0.14285714285714285,
          "recall": 0.3333333333333333,
          "f1-score": 0.19999999999999998,
          "support": 7.0
        },
        "weighted avg": {
          "precision": 0.18367346938775508,
          "recall": 0.42857142857142855,
          "f1-score": 0.2571428571428571,
          "support": 7.0
        }
      },
      "confusion_matrix": [
        [
          0,
          3,
          0
        ],
        [
          0,
          3,
          0
        ],
        [
          0,
          1,
          0
        ]
      ],
      "model_name": "hist_gradient_boosting",
      "best_params": {},
      "cv_best_f1_macro": NaN
    }
  ],
  "rows_total": 36,
  "rows_used_for_training": 35,
  "rows_removed_invalid_target": 1,
  "missing_rate_by_feature": {
    "number_of_vehicles": 0.0,
    "hour": 0.0,
    "day_of_week": 0.0,
    "month": 0.0,
    "is_weekend": 0.0,
    "season": 0.0,
    "cloud_cover": 0.0,
    "sunshine": 0.0,
    "global_radiation": 0.0,
    "max_temp": 0.0,
    "mean_temp": 0.0,
    "min_temp": 0.0,
    "precipitation": 0.0,
    "pressure": 0.0,
    "snow": 0.0,
    "hour_peak": 0.0,
    "precipitation_peak_interaction": 0.0,
    "low_visibility_proxy": 0.0
  },
  "feature_columns": [
    "number_of_vehicles",
    "hour",
    "day_of_week",
    "month",
    "is_weekend",
    "season",
    "cloud_cover",
    "sunshine",
    "global_radiation",
    "max_temp",
    "mean_temp",
    "min_temp",
    "precipitation",
    "pressure",
    "snow",
    "hour_peak",
    "precipitation_peak_interaction",
    "low_visibility_proxy"
  ],
  "feature_set_mode": "pre_event",
  "label_mapping_version": "stats19_2025_v1",
  "data_version_tag": "merged_sample.csv_36rows",
  "performance_note": "baseline performance on current processed dataset",
  "dataset_used": "/Users/linxinyi/casa_revise/casa0006/data/sample/merged_sample.csv",
  "model_compare_csv": "/Users/linxinyi/casa_revise/casa0006/artifacts/model_compare.csv",
  "metrics_cv_json": "/Users/linxinyi/casa_revise/casa0006/artifacts/metrics_cv.json",
  "error_cases_csv": "/Users/linxinyi/casa_revise/casa0006/artifacts/error_cases.csv",
  "data_quality_report_json": "/Users/linxinyi/casa_revise/casa0006/artifacts/data_quality_report.json",
  "leakage_check_report_json": "/Users/linxinyi/casa_revise/casa0006/artifacts/leakage_check_report.json",
  "threshold_report_csv": "/Users/linxinyi/casa_revise/casa0006/artifacts/threshold_report.csv",
  "calibration_report_json": "/Users/linxinyi/casa_revise/casa0006/artifacts/calibration_report.json",
  "hyperparameter_search_json": "/Users/linxinyi/casa_revise/casa0006/artifacts/hyperparameter_search.json",
  "ablation_leakage_csv": "/Users/linxinyi/casa_revise/casa0006/artifacts/ablation_leakage.csv",
  "missingness_by_time_csv": "/Users/linxinyi/casa_revise/casa0006/artifacts/missingness_by_time.csv",
  "report_figures": {
    "model_comparison": "/Users/linxinyi/casa_revise/casa0006/reports/figures/model_comparison.png",
    "confusion_matrix": "/Users/linxinyi/casa_revise/casa0006/reports/figures/confusion_matrix.png",
    "feature_importance": "/Users/linxinyi/casa_revise/casa0006/reports/figures/feature_importance.png"
  },
  "overall_metrics_on_test_split": {
    "accuracy": 0.8571428571428571,
    "f1_macro": 0.8857142857142857,