{
  "selected_model": "random_forest",
  "selected_model_metrics": {
    "accuracy": 0.5486766969561547,
    "f1_macro": 0.33876422491504976,
    "classification_report": {
      "0": {
        "precision": 0.019133691581175703,
        "recall": 0.1568758344459279,
        "f1-score": 0.034107402031930335,
        "support": 1498.0
      },
      "1": {
        "precision": 0.25517535747314507,
        "recall": 0.32616503750852466,
        "f1-score": 0.28633578798219883,
        "support": 21995.0
      },
      "2": {
        "precision": 0.7933796580374467,
        "recall": 0.6196730654646253,
        "f1-score": 0.6958494847310202,
        "support": 77202.0
      },
      "accuracy": 0.5486766969561547,
      "macro avg": {
        "precision": 0.35589623569725587,
        "recall": 0.367571312473026,
        "f1-score": 0.33876422491504976,
        "support": 100695.0
      },
      "weighted avg": {
        "precision": 0.6643005175770136,
        "recall": 0.5486766969561547,
        "f1-score": 0.5965541532858286,
        "support": 100695.0
      }
    },
    "confusion_matrix": [
      [
        235,
        524,
        739
      ],
      [
        3101,
        7174,
        11720
      ],
      [
        8946,
        20416,
        47840
      ]
    ],
    "model_name": "random_forest",
    "best_params": {},
    "cv_best_f1_macro": NaN
  },
  "all_model_metrics": [
    {
      "accuracy": 0.485326977506331,
      "f1_macro": 0.32358941253382917,
      "classification_report": {
        "0": {
          "precision": 0.02566371681415929,
          "recall": 0.445260347129506,
          "f1-score": 0.0485302677532014,
          "support": 1498.0
        },
        "1": {
          "precision": 0.26242432161679513,
          "recall": 0.2739258922482382,
          "f1-score": 0.26805178627040976,
          "support": 21995.0
        },
        "2": {
          "precision": 0.8150968190778031,
          "recall": 0.5463329965544934,
          "f1-score": 0.6541861835778764,
          "support": 77202.0
        },
        "accuracy": 0.485326977506331,
        "macro avg": {
          "precision": 0.3677282858362525,
          "recall": 0.42183974531074586,
          "f1-score": 0.32358941253382917,
          "support": 100695.0
        },
        "weighted avg": {
          "precision": 0.6826314298445163,
          "recall": 0.485326977506331,
          "f1-score": 0.56083200878585,
          "support": 100695.0
        }
      },
      "confusion_matrix": [
        [
          667,
          384,
          447
        ],
        [
          6849,
          6025,
          9121
        ],
        [
          18474,
          16550,
          42178
        ]
      ],
      "model_name": "logistic_regression",
      "best_params": {},
      "cv_best_f1_macro": NaN
    },
    {
      "accuracy": 0.5486766969561547,
      "f1_macro": 0.33876422491504976,
      "classification_report": {
        "0": {
          "precision": 0.019133691581175703,
          "recall": 0.1568758344459279,
          "f1-score": 0.034107402031930335,
          "support": 1498.0
        },
        "1": {
          "precision": 0.25517535747314507,
          "recall": 0.32616503750852466,
          "f1-score": 0.28633578798219883,
          "support": 21995.0
        },
        "2": {
          "precision": 0.7933796580374467,
          "recall": 0.6196730654646253,
          "f1-score": 0.6958494847310202,
          "support": 77202.0
        },
        "accuracy": 0.5486766969561547,
        "macro avg": {
          "precision": 0.35589623569725587,
          "recall": 0.367571312473026,
          "f1-score": 0.33876422491504976,
          "support": 100695.0
        },
        "weighted avg": {
          "precision": 0.6643005175770136,
          "recall": 0.5486766969561547,
          "f1-score": 0.5965541532858286,
          "support": 100695.0
        }
      },
      "confusion_matrix": [
        [
          235,
          524,
          739
        ],
        [
          3101,
          7174,
          11720
        ],
        [
          8946,
          20416,
          47840
        ]
      ],
      "model_name": "random_forest",
      "best_params": {},
      "cv_best_f1_macro": NaN
    },
    {
      "accuracy": 0.7669596305675555,
      "f1_macro": 0.29231131838755414,
      "classification_report": {
        "0": {
          "precision": 0.09090909090909091,
          "recall": 0.0006675567423230974,
          "f1-score": 0.0013253810470510272,
          "support": 1498.0
        },
        "1": {
          "precision": 0.532051282051282,
          "recall": 0.0037735849056603774,
          "f1-score": 0.007494018328743623,
          "support": 21995.0
        },
        "2": {
          "precision": 0.7673981378322458,
          "recall": 0.9992616771586228,
          "f1-score": 0.8681145557868677,
          "support": 77202.0
        },
        "accuracy": 0.7669596305675555,
        "macro avg": {
          "precision": 0.46345283693087297,
          "recall": 0.3345676062688687,
          "f1-score": 0.29231131838755414,
          "support": 100695.0
        },
        "weighted avg": {
          "precision": 0.7059270152820378,
          "recall": 0.7669596305675555,
          "f1-score": 0.6672326956632102,
          "support": 100695.0
        }
      },
      "confusion_matrix": [
        [
          1,
          19,
          1478
        ],
        [
          7,
          83,
          21905
        ],
        [
          3,
          54,
          77145
        ]
      ],
      "model_name": "hist_gradient_boosting",
      "best_params": {},
      "cv_best_f1_macro": NaN
    }
  ],
  "rows_total": 503475,
  "rows_used_for_training": 503475,
  "rows_removed_invalid_target": 0,
  "missing_rate_by_feature": {
    "number_of_vehicles": 0.0,
    "number_of_casualties": 0.0,
    "hour": 0.0,
    "day_of_week": 0.0,
    "month": 0.0,
    "is_weekend": 0.0,
    "season": 0.0,
    "cloud_cover": 0.8190933015541983,
    "sunshine": 0.8188609166294255,
    "global_radiation": 0.8188609166294255,
    "max_temp": 0.8220467749143453,
    "mean_temp": 0.822511544763891,
    "min_temp": 0.8196653259844083,
    "precipitation": 0.821550225929788,
    "pressure": 0.8188609166294255,
    "snow": 0.0,
    "hour_peak": 0.0,
    "precipitation_peak_interaction": 0.0,
    "low_visibility_proxy": 0.0
  },
  "feature_columns": [
    "number_of_vehicles",
    "number_of_casualties",
    "hour",
    "day_of_week",
    "month",
    "is_weekend",
    "season",
    "cloud_cover",
    "sunshine",
    "global_radiation",
    "max_temp",
    "mean_temp",
    "min_temp",
    "precipitation",
    "pressure",
    "snow",
    "hour_peak",
    "precipitation_peak_interaction",
    "low_visibility_proxy"
  ],
  "performance_note": "baseline performance on current processed dataset",
  "dataset_used": "/Users/linxinyi/casa_revise/casa0006/data/processed/processed_master.parquet",
  "model_compare_csv": "/Users/linxinyi/casa_revise/casa0006/artifacts/model_compare.csv",
  "metrics_cv_json": "/Users/linxinyi/casa_revise/casa0006/artifacts/metrics_cv.json",
  "error_cases_csv": "/Users/linxinyi/casa_revise/casa0006/artifacts/error_cases.csv",
  "data_quality_report_json": "/Users/linxinyi/casa_revise/casa0006/artifacts/data_quality_report.json",
  "leakage_check_report_json": "/Users/linxinyi/casa_revise/casa0006/artifacts/leakage_check_report.json",
  "threshold_report_csv": "/Users/linxinyi/casa_revise/casa0006/artifacts/threshold_report.csv",
  "calibration_report_json": "/Users/linxinyi/casa_revise/casa0006/artifacts/calibration_report.json",
  "hyperparameter_search_json": "/Users/linxinyi/casa_revise/casa0006/artifacts/hyperparameter_search.json",
  "report_figures": {
    "model_comparison": "/Users/linxinyi/casa_revise/casa0006/reports/figures/model_comparison.png",
    "confusion_matrix": "/Users/linxinyi/casa_revise/casa0006/reports/figures/confusion_matrix.png",