{
  "cv": {
    "class_labels": [
      "Fatal",
      "Serious",
      "Slight"
    ],
    "rows": [
      {
        "model_name": "logistic_regression",
        "cv_splits": 5,
        "accuracy_mean": 0.7714285714285715,
        "accuracy_std": 0.1456862718169367,
        "f1_macro_mean": 0.7412698412698412,
        "f1_macro_std": 0.19528325713307554,
        "fatal_recall_mean": 0.7666666666666666,
        "fatal_recall_std": 0.2
      },
      {
        "model_name": "random_forest",
        "cv_splits": 5,
        "accuracy_mean": 0.6857142857142857,
        "accuracy_std": 0.2457807219155036,
        "f1_macro_mean": 0.646984126984127,
        "f1_macro_std": 0.26716054039880766,
        "fatal_recall_mean": 0.6333333333333333,
        "fatal_recall_std": 0.30550504633038933
      },
      {
        "model_name": "hist_gradient_boosting",
        "cv_splits": 5,
        "accuracy_mean": 0.4,
        "accuracy_std": 0.05714285714285714,
        "f1_macro_mean": 0.18962962962962962,
        "f1_macro_std": 0.020740740740740737,
        "fatal_recall_mean": 0.2,
        "fatal_recall_std": 0.4
      }
    ],
    "selected_model_by_cv": "logistic_regression"
  },
  "time_holdout": {
    "available": true,
    "split_date_start": "2020-02-09",
    "train_rows": 28,
    "test_rows": 7,
    "metrics": {
      "accuracy": 1.0,
      "f1_macro": 1.0,
      "fatal_recall": 1.0
    }
  }
}