{
  "selected_model": "random_forest",
  "balanced_research_model": {
    "model_name": "random_forest",
    "selection_metric": "f1_macro",
    "metrics": {
      "accuracy": 0.6543919757684096,
      "balanced_accuracy": 0.3980382679071681,
      "f1_macro": 0.381035014927215,
      "fatal_precision": 0.05063600782778865,
      "fatal_recall": 0.13818424566088117,
      "fatal_f1": 0.07411385606874328,
      "fatal_pr_auc": 0.038098354585745196,
      "classification_report": {
        "0": {
          "precision": 0.05063600782778865,
          "recall": 0.13818424566088117,
          "f1-score": 0.07411385606874328,
          "support": 1498.0
        },
        "1": {
          "precision": 0.28620689655172415,
          "recall": 0.28679245283018867,
          "f1-score": 0.28649937549676396,
          "support": 21995.0
        },
        "2": {
          "precision": 0.7963174058229512,
          "recall": 0.7691381052304345,
          "f1-score": 0.7824918132161377,
          "support": 77202.0
        },
        "accuracy": 0.6543919757684096,
        "macro avg": {
          "precision": 0.3777201034008213,
          "recall": 0.3980382679071681,
          "f1-score": 0.381035014927215,
          "support": 100695.0
        },
        "weighted avg": {
          "precision": 0.6737997894009106,
          "recall": 0.6543919757684096,
          "f1-score": 0.6636129826143758,
          "support": 100695.0
        }
      },
      "confusion_matrix": [
        [
          207,
          527,
          764
        ],
        [
          1263,
          6308,
          14424
        ],
        [
          2618,
          15205,
          59379
        ]
      ],
      "model_name": "random_forest",
      "best_params": {},
      "cv_best_f1_macro": NaN
    }
  },
  "fatal_screening_model": {
    "model_name": "hist_gradient_boosting_balanced",
    "selection_rule": "highest fatal_recall, then fatal_pr_auc, then macro_f1",
    "fatal_recall": 0.6295060080106809,
    "fatal_precision": 0.039765539343847515,
    "fatal_pr_auc": 0.05317201272207746,
    "f1_macro": 0.34446705073696005
  },
  "selected_model_metrics": {
    "accuracy": 0.6543919757684096,
    "balanced_accuracy": 0.3980382679071681,
    "f1_macro": 0.381035014927215,
    "fatal_precision": 0.05063600782778865,
    "fatal_recall": 0.13818424566088117,
    "fatal_f1": 0.07411385606874328,
    "fatal_pr_auc": 0.038098354585745196,
    "classification_report": {
      "0": {
        "precision": 0.05063600782778865,
        "recall": 0.13818424566088117,
        "f1-score": 0.07411385606874328,
        "support": 1498.0
      },
      "1": {
        "precision": 0.28620689655172415,
        "recall": 0.28679245283018867,
        "f1-score": 0.28649937549676396,
        "support": 21995.0
      },
      "2": {
        "precision": 0.7963174058229512,
        "recall": 0.7691381052304345,
        "f1-score": 0.7824918132161377,
        "support": 77202.0
      },
      "accuracy": 0.6543919757684096,
      "macro avg": {
        "precision": 0.3777201034008213,
        "recall": 0.3980382679071681,
        "f1-score": 0.381035014927215,
        "support": 100695.0
      },
      "weighted avg": {
        "precision": 0.6737997894009106,
        "recall": 0.6543919757684096,
        "f1-score": 0.6636129826143758,
        "support": 100695.0
      }
    },
    "confusion_matrix": [
      [
        207,
        527,
        764
      ],
      [
        1263,
        6308,
        14424
      ],
      [
        2618,
        15205,
        59379
      ]
    ],
    "model_name": "random_forest",
    "best_params": {},
    "cv_best_f1_macro": NaN
  },
  "all_model_metrics": [
    {
      "accuracy": 0.47571378916530116,
      "balanced_accuracy": 0.48005398309443664,
      "f1_macro": 0.3275194594462281,
      "fatal_precision": 0.03521660102999091,
      "fatal_recall": 0.6208277703604806,
      "fatal_f1": 0.0666523328316491,
      "fatal_pr_auc": 0.043493095461831874,
      "classification_report": {
        "0": {
          "precision": 0.03521660102999091,
          "recall": 0.6208277703604806,
          "f1-score": 0.0666523328316491,
          "support": 1498.0
        },
        "1": {
          "precision": 0.2553735926305015,
          "recall": 0.2949306660604683,
          "f1-score": 0.27373040487794587,
          "support": 21995.0
        },
        "2": {
          "precision": 0.8281681497391838,
          "recall": 0.5244035128623611,
          "f1-score": 0.6421756406290894,
          "support": 77202.0
        },
        "accuracy": 0.47571378916530116,
        "macro avg": {
          "precision": 0.3729194477998921,
          "recall": 0.48005398309443664,
          "f1-score": 0.3275194594462281,
          "support": 100695.0
        },
        "weighted avg": {
          "precision": 0.6912551182721612,
          "recall": 0.47571378916530116,
          "f1-score": 0.5531336139601687,
          "support": 100695.0
        }
      },
      "confusion_matrix": [
        [
          930,
          308,
          260
        ],
        [
          7368,
          6487,
          8140
        ],
        [
          18110,
          18607,
          40485
        ]
      ],
      "model_name": "logistic_regression",
      "best_params": {},
      "cv_best_f1_macro": NaN
    },
    {
      "accuracy": 0.6543919757684096,
      "balanced_accuracy": 0.3980382679071681,
      "f1_macro": 0.381035014927215,
      "fatal_precision": 0.05063600782778865,
      "fatal_recall": 0.13818424566088117,
      "fatal_f1": 0.07411385606874328,
      "fatal_pr_auc": 0.038098354585745196,
      "classification_report": {
        "0": {
          "precision": 0.05063600782778865,
          "recall": 0.13818424566088117,
          "f1-score": 0.07411385606874328,
          "support": 1498.0
        },
        "1": {
          "precision": 0.28620689655172415,
          "recall": 0.28679245283018867,
          "f1-score": 0.28649937549676396,
          "support": 21995.0
        },
        "2": {
          "precision": 0.7963174058229512,
          "recall": 0.7691381052304345,
          "f1-score": 0.7824918132161377,
          "support": 77202.0
        },
        "accuracy": 0.6543919757684096,
        "macro avg": {
          "precision": 0.3777201034008213,
          "recall": 0.3980382679071681,
          "f1-score": 0.381035014927215,
          "support": 100695.0
        },
        "weighted avg": {
          "precision": 0.6737997894009106,
          "recall": 0.6543919757684096,
          "f1-score": 0.6636129826143758,
          "support": 100695.0
        }
      },
      "confusion_matrix": [
        [
          207,
          527,
          764
        ],
        [
          1263,
          6308,
          14424
        ],
        [
          2618,
          15205,
          59379
        ]
      ],
      "model_name": "random_forest",
      "best_params": {},
      "cv_best_f1_macro": NaN
    },
    {
      "accuracy": 0.5143949550623169,
      "balanced_accuracy": 0.49763803191345285,
      "f1_macro": 0.34446705073696005,
      "fatal_precision": 0.039765539343847515,
      "fatal_recall": 0.6295060080106809,
      "fatal_f1": 0.07480564810407743,
      "fatal_pr_auc": 0.05317201272207746,
      "classification_report": {
        "0": {
          "precision": 0.039765539343847515,
          "recall": 0.6295060080106809,
          "f1-score": 0.07480564810407743,
          "support": 1498.0
        },
        "1": {
          "precision": 0.26647479578448385,
          "recall": 0.28624687428961126,
          "f1-score": 0.276007189513831,
          "support": 21995.0
        },
        "2": {
          "precision": 0.835138883682573,
          "recall": 0.5771612134400663,
          "f1-score": 0.6825883145929716,
          "support": 77202.0
        },
        "accuracy": 0.5143949550623169,
        "macro avg": {
          "precision": 0.38045973960363483,