model_name,accuracy,f1_macro,balanced_accuracy
logistic_regression,0.8571428571428571,0.8857142857142857,0.8888888888888888
random_forest,0.7142857142857143,0.7777777777777777,0.7777777777777777
hist_gradient_boosting,0.42857142857142855,0.19999999999999998,0.3333333333333333
