model_name,accuracy,f1_macro
random_forest,0.5486766969561547,0.33876422491504976
logistic_regression,0.485326977506331,0.32358941253382917
hist_gradient_boosting,0.7669596305675555,0.29231131838755414
